{"filename": "sticky_cubes.png", "resolution": [800, 500], "obj_name": "sticky", "spherical": 0, "bone_bend": [0.0, 0.0, 0.0, 0.0, 0.0, 0.0, 0.0], "bone_rotation": [0.0, 0.0, 0.0, 0.0, 0.0, 0.0, 0.0], "obj_incline": 0, "obj_rotation": 0, "flip": null, "position": [0, 0], "arm_shift": 0, "obj_color": [0.8823529411764706, 0.8823529411764706, 1.0, 1.0], "back_color": [0.53, 0.53, 0.53, 1.0]}
{"filename": "stretchy_spheres.png", "resolution": [800, 500], "obj_name": "stretchy", "spherical": 1, "bone_bend": [0.0, 0.0, 0.0, 0.0, 0.0, 0.0, 0.0], "bone_rotation": [0.0, 0.0, 0.0, 0.0, 0.0, 0.0, 0.0], "obj_incline": 0, "obj_rotation": 0, "flip": null, "position": [0, 0], "arm_shift": 0, "obj_color": [0.8823529411764706, 0.8823529411764706, 1.0, 1.0], "back_color": [0.53, 0.53, 0.53, 1.0]}
{"filename": "sticky_intermediate.png", "resolution": [800, 500], "obj_name": "sticky", "spherical": 0.5, "bone_bend": [0.0, 0.0, 0.0, 0.0, 0.0, 0.0, 0.0], "bone_rotation": [0.0, 0.0, 0.0, 0.0, 0.0, 0.0, 0.0], "obj_incline": 0, "obj_rotation": 0, "flip": null, "position": [0, 0], "arm_shift": 0, "obj_color": [0.8823529411764706, 0.8823529411764706, 1.0, 1.0], "back_color": [0.53, 0.53, 0.53, 1.0]}
{"filename": "sticky_pose.png", "resolution": [800, 500], "obj_name": "sticky", "spherical": 1, "bone_bend": [-0.07361739982262056, -0.12815966964497177, 0.08193468902784073, -0.03611927273479221, -0.04894275230040446, 0.20510814761872131, 0.13557980962958588], "bone_rotation": [0.10873257221086349, 0.14627623223681555, 0.1279468845579775, 0.016712913261934886, -0.014567411293027355, 0.10330509117494527, -0.036184003083621824], "obj_incline": 0, "obj_rotation": 0, "flip": null, "position": [0, 0], "arm_shift": 0, "obj_color": [0.8823529411764706, 0.8823529411764706, 1.0, 1.0], "back_color": [0.53, 0.53, 0.53, 1.0]}
{"filename": "sticky_color.png", "resolution": [800, 500], "obj_name": "sticky", "spherical": 0, "bone_bend": [0.0, 0.0, 0.0, 0.0, 0.0, 0.0, 0.0], "bone_rotation": [0.0, 0.0, 0.0, 0.0, 0.0, 0.0, 0.0], "obj_incline": 0, "obj_rotation": 0, "flip": null, "position": [0, 0], "arm_shift": 0, "obj_color": [0.67, 0, 0.67, 1.0], "back_color": [0, 0.3, 0, 1.0]}
{"filename": "sticky_shift_0.png", "resolution": [800, 500], "obj_name": "sticky", "spherical": 0, "bone_bend": [0.0, 0.0, 0.0, 0.0, 0.0, 0.0, 0.0], "bone_rotation": [0.0, 0.0, 0.0, 0.0, 0.0, 0.0, 0.0], "obj_incline": 0, "obj_rotation": 0, "flip": null, "position": [0, 0], "arm_shift": 0, "obj_color": [0.8823529411764706, 0.8823529411764706, 1.0, 1.0], "back_color": [0.53, 0.53, 0.53, 1.0]}
{"filename": "sticky_shift_05.png", "resolution": [800, 500], "obj_name": "sticky", "spherical": 0, "bone_bend": [0.0, 0.0, 0.0, 0.0, 0.0, 0.0, 0.0], "bone_rotation": [0.0, 0.0, 0.0, 0.0, 0.0, 0.0, 0.0], "obj_incline": 0, "obj_rotation": 0, "flip": null, "position": [0, 0], "arm_shift": 0.5, "obj_color": [0.8823529411764706, 0.8823529411764706, 1.0, 1.0], "back_color": [0.53, 0.53, 0.53, 1.0]}
{"filename": "sticky_shift_1.png", "resolution": [800, 500], "obj_name": "sticky", "spherical": 0, "bone_bend": [0.0, 0.0, 0.0, 0.0, 0.0, 0.0, 0.0], "bone_rotation": [0.0, 0.0, 0.0, 0.0, 0.0, 0.0, 0.0], "obj_incline": 0, "obj_rotation": 0, "flip": null, "position": [0, 0], "arm_shift": 1, "obj_color": [0.8823529411764706, 0.8823529411764706, 1.0, 1.0], "back_color": [0.53, 0.53, 0.53, 1.0]}
