{"filename": "sticky_cubes.png", "obj_name": "sticky", "spherical": 0, "bone_bend": [0.0, 0.0, 0.0, 0.0, 0.0, 0.0, 0.0], "bone_rotation": [0.0, 0.0, 0.0, 0.0, 0.0, 0.0, 0.0], "obj_incline": 0, "obj_rotation": 0, "flip": null, "position": [0, 0], "arm_shift": 0, "obj_color": [0.8823529411764706, 0.8823529411764706, 1.0, 1.0], "back_color": [0.53, 0.53, 0.53, 1.0], "resolution": [800, 500]}
{"filename": "stretchy_spheres.png", "obj_name": "stretchy", "spherical": 1, "bone_bend": [0.0, 0.0, 0.0, 0.0, 0.0, 0.0, 0.0], "bone_rotation": [0.0, 0.0, 0.0, 0.0, 0.0, 0.0, 0.0], "obj_incline": 0, "obj_rotation": 0, "flip": null, "position": [0, 0], "arm_shift": 0, "obj_color": [0.8823529411764706, 0.8823529411764706, 1.0, 1.0], "back_color": [0.53, 0.53, 0.53, 1.0], "resolution": [800, 500]}
{"filename": "sticky_intermediate.png", "obj_name": "sticky", "spherical": 0.5, "bone_bend": [0.0, 0.0, 0.0, 0.0, 0.0, 0.0, 0.0], "bone_rotation": [0.0, 0.0, 0.0, 0.0, 0.0, 0.0, 0.0], "obj_incline": 0, "obj_rotation": 0, "flip": null, "position": [0, 0], "arm_shift": 0, "obj_color": [0.8823529411764706, 0.8823529411764706, 1.0, 1.0], "back_color": [0.53, 0.53, 0.53, 1.0], "resolution": [800, 500]}
{"filename": "sticky_pose.png", "obj_name": "sticky", "spherical": 1, "bone_bend": [-0.16163955179349404, -0.04162741834628825, -0.12187786130368405, -0.15289763527469324, 0.1653853028457924, -0.2160970633686664, -0.07832589636009851], "bone_rotation": [-0.1409745894565086, -0.02934609184771897, 0.03180760737482827, -0.09994663967604508, 0.10455353232777356, -0.021234940605972058, 0.02215236597769779], "obj_incline": 0, "obj_rotation": 0, "flip": null, "position": [0, 0], "arm_shift": 0, "obj_color": [0.8823529411764706, 0.8823529411764706, 1.0, 1.0], "back_color": [0.53, 0.53, 0.53, 1.0], "resolution": [800, 500]}
{"filename": "sticky_color.png", "obj_name": "sticky", "spherical": 0, "bone_bend": [0.0, 0.0, 0.0, 0.0, 0.0, 0.0, 0.0], "bone_rotation": [0.0, 0.0, 0.0, 0.0, 0.0, 0.0, 0.0], "obj_incline": 0, "obj_rotation": 0, "flip": null, "position": [0, 0], "arm_shift": 0, "obj_color": [0.67, 0, 0.67, 1.0], "back_color": [0, 0.3, 0, 1.0], "resolution": [800, 500]}
{"filename": "sticky_shift_0.png", "obj_name": "sticky", "spherical": 0, "bone_bend": [0.0, 0.0, 0.0, 0.0, 0.0, 0.0, 0.0], "bone_rotation": [0.0, 0.0, 0.0, 0.0, 0.0, 0.0, 0.0], "obj_incline": 0, "obj_rotation": 0, "flip": null, "position": [0, 0], "arm_shift": 0, "obj_color": [0.8823529411764706, 0.8823529411764706, 1.0, 1.0], "back_color": [0.53, 0.53, 0.53, 1.0], "resolution": [800, 500]}
{"filename": "sticky_shift_05.png", "obj_name": "sticky", "spherical": 0, "bone_bend": [0.0, 0.0, 0.0, 0.0, 0.0, 0.0, 0.0], "bone_rotation": [0.0, 0.0, 0.0, 0.0, 0.0, 0.0, 0.0], "obj_incline": 0, "obj_rotation": 0, "flip": null, "position": [0, 0], "arm_shift": 0.5, "obj_color": [0.8823529411764706, 0.8823529411764706, 1.0, 1.0], "back_color": [0.53, 0.53, 0.53, 1.0], "resolution": [800, 500]}
{"filename": "sticky_shift_1.png", "obj_name": "sticky", "spherical": 0, "bone_bend": [0.0, 0.0, 0.0, 0.0, 0.0, 0.0, 0.0], "bone_rotation": [0.0, 0.0, 0.0, 0.0, 0.0, 0.0, 0.0], "obj_incline": 0, "obj_rotation": 0, "flip": null, "position": [0, 0], "arm_shift": 1, "obj_color": [0.8823529411764706, 0.8823529411764706, 1.0, 1.0], "back_color": [0.53, 0.53, 0.53, 1.0], "resolution": [800, 500]}
